{"cameraMode":{"drawMode":0,"name":"Shaded","section":"Shading Mode"},"sceneLighting":true,"audioPlay":false,"sceneViewState":{"m_AlwaysRefresh":false,"showFog":true,"showSkybox":true,"showFlares":true,"showImageEffects":true,"showParticleSystems":true,"showVisualEffectGraphs":true,"m_FxEnabled":true},"in2DMode":false,"pivot":{"x":-2.773151397705078,"y":-329.0314025878906,"z":150.27247619628907},"rotation":{"x":-0.5258527398109436,"y":-0.014799714088439942,"z":0.009153274819254876,"w":-0.8504006862640381},"size":234.80555725097657,"orthographic":false}