{"cameraMode":{"drawMode":0,"name":"Shaded","section":"Shading Mode"},"sceneLighting":true,"audioPlay":false,"sceneViewState":{"m_AlwaysRefresh":false,"showFog":true,"showSkybox":true,"showFlares":true,"showImageEffects":true,"showParticleSystems":true,"showVisualEffectGraphs":true,"m_FxEnabled":true},"in2DMode":false,"pivot":{"x":-305.23846435546877,"y":-325.2789001464844,"z":13784.822265625},"rotation":{"x":-0.0010121345985680819,"y":0.9989333748817444,"z":0.02697773091495037,"w":0.037477463483810428},"size":714.8204345703125,"orthographic":true}