{"cameraMode":{"drawMode":0,"name":"Shaded","section":"Shading Mode"},"sceneLighting":true,"audioPlay":false,"sceneViewState":{"m_AlwaysRefresh":false,"showFog":true,"showSkybox":true,"showFlares":true,"showImageEffects":true,"showParticleSystems":true,"showVisualEffectGraphs":true,"m_FxEnabled":true},"in2DMode":false,"pivot":{"x":0.4081874191761017,"y":20.957345962524415,"z":-11.699873924255371},"rotation":{"x":-0.2689773738384247,"y":-0.003458550898358226,"z":0.0009666577097959816,"w":-0.9631738066673279},"size":7.458564758300781,"orthographic":false}